<?xml version="1.0" encoding="UTF-8"?>
<beans xmlns="http://www.springframework.org/schema/beans"
	xmlns:xsi="http://www.w3.org/2001/XMLSchema-instance"
	xmlns:p="http://www.springframework.org/schema/p"
	xsi:schemaLocation="http://www.springframework.org/schema/beans http://www.springframework.org/schema/beans/spring-beans.xsd">

	<bean class="springcore.primitive.Student" name="s1">
		<property name="sId" value="1"></property>
		<property name="sName" value="Student 1"></property>
		<property name="regdNo" value="1801287001"></property>
		<property name="fees" value="108000.50"></property>
	</bean>
	<bean class="springcore.primitive.Student" name="s2">
		<property name="sId" value="2"></property>
		<property name="sName" value="Student 2"></property>
		<property name="regdNo" value="1801287002"></property>
		<property name="fees" value="108000.50"></property>
	</bean>
	<bean class="springcore.primitive.Student" name="s3" p:sId="3"
		p:sName="Student 3" p:regdNo="1801287003" p:fees="108000.50" />
</beans>